fold,racewise_logloss,best_iter
1,0.20622337606908114,41
2,0.19251567585216964,91
3,0.19038527337509178,71
4,0.19219421406639073,79
5,0.20066994961236087,77
