fold,racewise_logloss,best_iter
1,2.1839784626359475,41
2,1.9890481256414105,91
3,1.9720107687394086,71
4,1.9866038945727502,79
5,2.0954572573895374,77
