{
  "model_id": "20260323_000117",
  "created_at": "2026-03-23 00:01:17",
  "version_tag": "exp_pi_sync_20260314_20260321",
  "notes": "pi sync data for 20260314-20260321",
  "git_commit": "d4b7cee",
  "lgbm_params_yaml": "C:\\Users\\user\\Desktop\\Git\\ark-blueprints\\models\\finals\\params.yaml",
  "lgbm_params_yaml_sha256": "9e35ed9a59d2571e5e1a0492c07be48f2d12e458893f936c31241f3e096bbd15",
  "lgbm_params": {
    "n_estimators": 200,
    "learning_rate": 0.03,
    "num_leaves": 15,
    "subsample": 0.9,
    "colsample_bytree": 0.7,
    "random_state": 42,
    "n_jobs": -1,
    "reg_lambda": 10.0,
    "reg_alpha": 0,
    "min_split_gain": 0,
    "min_child_samples": 80
  },
  "n_rows": 360,
  "n_features": 200,
  "sparse": false,
  "eval": {
    "auc": 0.8836805555555555,
    "pr_auc": 0.8655277451239887,
    "logloss": 0.3837395374391478,
    "accuracy": 0.8472222222222222,
    "mcc": 0.6482037235521644,
    "top2_hit": 1.0
  }
}