fold,racewise_logloss,best_iter
1,2.2603109321970707,31
2,2.1071991214928527,93
3,2.0770110020883106,57
4,2.140248951114494,55
5,2.190979295669176,72
