{
  "model_id": "20260323_004303",
  "created_at": "2026-03-23 00:43:03",
  "version_tag": "repro_pi_v1_2_1_finals_hpo_20241001_20251231",
  "notes": "Pi同期データを用いた 20241001〜20251231 の finals hpo 再現学習",
  "git_commit": "d4b7cee",
  "lgbm_params_yaml": "C:\\Users\\user\\Desktop\\Git\\ark-blueprints\\models\\finals\\params.yaml",
  "lgbm_params_yaml_sha256": "9e35ed9a59d2571e5e1a0492c07be48f2d12e458893f936c31241f3e096bbd15",
  "lgbm_params": {
    "n_estimators": 200,
    "learning_rate": 0.03,
    "num_leaves": 15,
    "subsample": 0.9,
    "colsample_bytree": 0.7,
    "random_state": 42,
    "n_jobs": -1,
    "reg_lambda": 10.0,
    "reg_alpha": 0,
    "min_split_gain": 0,
    "min_child_samples": 80
  },
  "n_rows": 22680,
  "n_features": 220,
  "sparse": false,
  "eval": {
    "auc": 0.8204846238907085,
    "pr_auc": 0.7254119359151601,
    "logloss": 0.46891476663311593,
    "accuracy": 0.7843915343915344,
    "mcc": 0.488920253570691,
    "top2_hit": 0.9338624338624338
  }
}