fold,racewise_logloss,best_iter
1,2.2687646384226747,29
2,2.0603025963389903,66
3,2.089064306749635,67
4,2.145201629337821,57
5,2.197715124031879,50
