{
  "approach": "finals",
  "n_iter": 80,
  "scoring": "neg_log_loss",
  "best_params": {
    "subsample": 0.9,
    "reg_lambda": 10.0,
    "reg_alpha": 0,
    "num_leaves": 15,
    "n_estimators": 200,
    "min_split_gain": 0,
    "min_child_samples": 80,
    "learning_rate": 0.03,
    "colsample_bytree": 0.7
  },
  "best_cv_score": -0.46891476663311593,
  "adopted_params": {
    "subsample": 0.9,
    "reg_lambda": 10.0,
    "reg_alpha": 0,
    "num_leaves": 15,
    "n_estimators": 200,
    "min_split_gain": 0,
    "min_child_samples": 80,
    "learning_rate": 0.03,
    "colsample_bytree": 0.7
  },
  "adopted_metrics": {
    "logloss": 0.46891476663311593,
    "pr_auc": 0.7254119359151601,
    "top2_hit": 0.9338624338624338,
    "auc": 0.8204846238907085,
    "accuracy": 0.7843915343915344,
    "mcc": 0.488920253570691
  },
  "adopted_seed_stats": {
    "logloss": {
      "mean": 0.4690716342271843,
      "std": 0.00013566637372684434
    },
    "pr_auc": {
      "mean": 0.7256407591403016,
      "std": 0.0006294991230818074
    },
    "top2_hit": {
      "mean": 0.9325396825396824,
      "std": 0.001870652860281865
    },
    "seeds": [
      42,
      43,
      44
    ]
  },
  "top5_candidates": [
    {
      "params": {
        "subsample": 0.9,
        "reg_lambda": 10.0,
        "reg_alpha": 0,
        "num_leaves": 15,
        "n_estimators": 200,
        "min_split_gain": 0,
        "min_child_samples": 80,
        "learning_rate": 0.03,
        "colsample_bytree": 0.7
      },
      "logloss": 0.46891476663311593,
      "pr_auc": 0.7254119359151601,
      "top2_hit": 0.9338624338624338,
      "auc": 0.8204846238907085
    },
    {
      "params": {
        "subsample": 0.7,
        "reg_lambda": 0,
        "reg_alpha": 0.1,
        "num_leaves": 15,
        "n_estimators": 200,
        "min_split_gain": 0,
        "min_child_samples": 60,
        "learning_rate": 0.03,
        "colsample_bytree": 0.9
      },
      "logloss": 0.46948837656760534,
      "pr_auc": 0.7252670202820256,
      "top2_hit": 0.9338624338624338,
      "auc": 0.8191255668934241
    },
    {
      "params": {
        "subsample": 0.9,
        "reg_lambda": 0.5,
        "reg_alpha": 0.1,
        "num_leaves": 15,
        "n_estimators": 200,
        "min_split_gain": 0.05,
        "min_child_samples": 40,
        "learning_rate": 0.03,
        "colsample_bytree": 0.8
      },
      "logloss": 0.4695227378201017,
      "pr_auc": 0.7259465459284979,
      "top2_hit": 0.9338624338624338,
      "auc": 0.8193449319028022
    },
    {
      "params": {
        "subsample": 0.8,
        "reg_lambda": 0.5,
        "reg_alpha": 1.0,
        "num_leaves": 15,
        "n_estimators": 200,
        "min_split_gain": 0.01,
        "min_child_samples": 20,
        "learning_rate": 0.03,
        "colsample_bytree": 0.7
      },
      "logloss": 0.46959677679996337,
      "pr_auc": 0.723434803069834,
      "top2_hit": 0.9298941798941799,
      "auc": 0.8198326527112902
    },
    {
      "params": {
        "subsample": 0.8,
        "reg_lambda": 10.0,
        "reg_alpha": 0.5,
        "num_leaves": 15,
        "n_estimators": 400,
        "min_split_gain": 0,
        "min_child_samples": 60,
        "learning_rate": 0.03,
        "colsample_bytree": 0.9
      },
      "logloss": 0.4697307803153478,
      "pr_auc": 0.727071640319086,
      "top2_hit": 0.9298941798941799,
      "auc": 0.8200559544805576
    }
  ],
  "current_metrics": {
    "auc": 0.8117977257775539,
    "pr_auc": 0.7216523139615545,
    "logloss": 0.49379692805758335,
    "accuracy": 0.7865961199294532,
    "mcc": 0.49520240417693256,
    "top2_hit": 0.9325396825396826
  },
  "n_train": 18144,
  "n_valid": 4536
}