fold,racewise_logloss,best_iter
1,4.571327828594637e-11,279
2,6.266713074531006e-12,297
3,3.0687580423332886e-12,309
4,8.47483699386798e-13,311
5,9.511946785887402e-13,356
